D:\ProgramData\PycharmProjects\Test03\00023-000000-0.JPG,0
D:\ProgramData\PycharmProjects\Test03\00048-110010-0.JPG,0
D:\ProgramData\PycharmProjects\Test03\00070-000000-0.JPG,0
D:\ProgramData\PycharmProjects\Test03\00100-100000-0.JPG,0
D:\ProgramData\PycharmProjects\Test03\00104-000001-0.JPG,0
D:\ProgramData\PycharmProjects\Test03\00124-000001-0.JPG,0
D:\ProgramData\PycharmProjects\Test03\00129-110000-0.JPG,0
D:\ProgramData\PycharmProjects\Test03\00132-100000-0.JPG,0
D:\ProgramData\PycharmProjects\Test03\00140-100000-0.jpg,0
D:\ProgramData\PycharmProjects\Test03\00146-100000-0.jpg,0
D:\ProgramData\PycharmProjects\Test03\00149-100000-0.jpg,0
D:\ProgramData\PycharmProjects\Test03\00150-100000-0.jpg,0
D:\ProgramData\PycharmProjects\Test03\00156-100000-0.jpg,0
D:\ProgramData\PycharmProjects\Test03\00165-110000-0.JPG,0
D:\ProgramData\PycharmProjects\Test03\00177-100000-0.JPG,0
D:\ProgramData\PycharmProjects\Test03\00215-000000-0.JPG,0
D:\ProgramData\PycharmProjects\Test03\00230-000000-0.JPG,0
D:\ProgramData\PycharmProjects\Test03\00232-000000-0.JPG,0
D:\ProgramData\PycharmProjects\Test03\00242-000000-0.jpg,0
D:\ProgramData\PycharmProjects\Test03\00243-000000-0.jpg,0
D:\ProgramData\PycharmProjects\Test03\00256-100000-0.jpg,0
D:\ProgramData\PycharmProjects\Test03\00259-100000-0.jpg,0
D:\ProgramData\PycharmProjects\Test03\00260-100000-0.jpg,0
D:\ProgramData\PycharmProjects\Test03\00272-110011-0.jpg,0
D:\ProgramData\PycharmProjects\Test03\00288-000000-0.jpg,0
D:\ProgramData\PycharmProjects\Test03\00289-000000-0.jpg,0
D:\ProgramData\PycharmProjects\Test03\00299-010010-0.jpg,0
D:\ProgramData\PycharmProjects\Test03\00305-000000-0.jpg,0
D:\ProgramData\PycharmProjects\Test03\00307-100000-0.jpg,0
D:\ProgramData\PycharmProjects\Test03\00309-110010-0.jpg,0
D:\ProgramData\PycharmProjects\Test03\00324-110001-0.jpg,0
D:\ProgramData\PycharmProjects\Test03\00343-100000-0.jpg,0
D:\ProgramData\PycharmProjects\Test03\00365-110000-0.jpg,0
D:\ProgramData\PycharmProjects\Test03\00370-100000-0.jpg,0
D:\ProgramData\PycharmProjects\Test03\00371-100000-0.jpg,0
D:\ProgramData\PycharmProjects\Test03\00373-100000-0.jpg,0
D:\ProgramData\PycharmProjects\Test03\00380-111010-0.jpg,0
D:\ProgramData\PycharmProjects\Test03\00383-000000-0.jpg,0
D:\ProgramData\PycharmProjects\Test03\00384-000000-0.jpg,0
D:\ProgramData\PycharmProjects\Test03\00386-100000-0.jpg,0
D:\ProgramData\PycharmProjects\Test03\00387-100000-0.jpg,0
D:\ProgramData\PycharmProjects\Test03\00388-100000-0.jpg,0
D:\ProgramData\PycharmProjects\Test03\00389-100000-0.jpg,0
D:\ProgramData\PycharmProjects\Test03\00396-000000-0.jpg,0
D:\ProgramData\PycharmProjects\Test03\00405-000000-0.jpg,0
D:\ProgramData\PycharmProjects\Test03\00406-000000-0.jpg,0
D:\ProgramData\PycharmProjects\Test03\00409-000000-0.jpg,0
D:\ProgramData\PycharmProjects\Test03\00413-110000-0.jpg,0
D:\ProgramData\PycharmProjects\Test03\00420-000000-0.jpg,0
D:\ProgramData\PycharmProjects\Test03\00420-100010-0.jpg,0
D:\ProgramData\PycharmProjects\Test03\00425-000000-0.JPG,0
D:\ProgramData\PycharmProjects\Test03\00426-000010-0.jpg,0
D:\ProgramData\PycharmProjects\Test03\00453-111000-0.jpg,0
D:\ProgramData\PycharmProjects\Test03\00456-100000-0.jpg,0
D:\ProgramData\PycharmProjects\Test03\00471-000000-0.JPG,0
D:\ProgramData\PycharmProjects\Test03\00479-100000-0.JPG,0
D:\ProgramData\PycharmProjects\Test03\00480-110000-0.JPG,0
D:\ProgramData\PycharmProjects\Test03\00481-110000-0.JPG,0
D:\ProgramData\PycharmProjects\Test03\00484-000000-0.jpg,0
D:\ProgramData\PycharmProjects\Test03\00485-000000-0.jpg,0
D:\ProgramData\PycharmProjects\Test03\00491-000000-0.jpg,0
D:\ProgramData\PycharmProjects\Test03\00495-000000-0.jpg,0
D:\ProgramData\PycharmProjects\Test03\00496-110101-0.jpg,0
D:\ProgramData\PycharmProjects\Test03\00497-100000-0.jpg,0
D:\ProgramData\PycharmProjects\Test03\00505-110010-0.JPG,0
D:\ProgramData\PycharmProjects\Test03\00508-000000-0.JPG,0
D:\ProgramData\PycharmProjects\Test03\00512-111101-0.jpg,0
D:\ProgramData\PycharmProjects\Test03\00521-110000-0.jpg,0
D:\ProgramData\PycharmProjects\Test03\00522-110000-0.jpg,0
D:\ProgramData\PycharmProjects\Test03\00543-000000-0.jpg,0
D:\ProgramData\PycharmProjects\Test03\00559-000000-0.jpg,0
D:\ProgramData\PycharmProjects\Test03\00560-000000-0.jpg,0
D:\ProgramData\PycharmProjects\Test03\00563-100000-0.jpg,0
D:\ProgramData\PycharmProjects\Test03\00564-100000-0.jpg,0
D:\ProgramData\PycharmProjects\Test03\00565-100000-0.jpg,0
D:\ProgramData\PycharmProjects\Test03\00567-000000-0.jpg,0
D:\ProgramData\PycharmProjects\Test03\00568-000000-0.jpg,0
D:\ProgramData\PycharmProjects\Test03\00571-000000-0.jpg,0
D:\ProgramData\PycharmProjects\Test03\00578-100000-0.jpg,0
D:\ProgramData\PycharmProjects\Test03\00580-100000-0.jpg,0
D:\ProgramData\PycharmProjects\Test03\00581-100000-0.jpg,0
D:\ProgramData\PycharmProjects\Test03\00582-110000-0.jpg,0
D:\ProgramData\PycharmProjects\Test03\00590-100000-0.jpg,0
D:\ProgramData\PycharmProjects\Test03\00591-100011-0.jpg,0
D:\ProgramData\PycharmProjects\Test03\00597-100000-0.jpg,0
D:\ProgramData\PycharmProjects\Test03\00598-000000-0.jpg,0
D:\ProgramData\PycharmProjects\Test03\00598-100000-0.jpg,0
D:\ProgramData\PycharmProjects\Test03\00599-000000-0.jpg,0
D:\ProgramData\PycharmProjects\Test03\00603-000000-0.jpg,0
D:\ProgramData\PycharmProjects\Test03\00604-000000-0.jpg,0
D:\ProgramData\PycharmProjects\Test03\00608-100000-0.jpg,0
D:\ProgramData\PycharmProjects\Test03\00609-000000-0.jpg,0
D:\ProgramData\PycharmProjects\Test03\00610-000000-0.jpg,0
D:\ProgramData\PycharmProjects\Test03\00612-000000-0.jpg,0
D:\ProgramData\PycharmProjects\Test03\00614-000000-0.jpg,0
D:\ProgramData\PycharmProjects\Test03\00616-000000-0.jpg,0
D:\ProgramData\PycharmProjects\Test03\00635-000000-0.jpg,0
D:\ProgramData\PycharmProjects\Test03\00637-100000-0.jpg,0
D:\ProgramData\PycharmProjects\Test03\00639-000000-0.jpg,0
D:\ProgramData\PycharmProjects\Test03\00642-100000-0.jpg,0
D:\ProgramData\PycharmProjects\Test03\00643-100000-0.jpg,0
D:\ProgramData\PycharmProjects\Test03\00644-000000-0.jpg,0
D:\ProgramData\PycharmProjects\Test03\00645-100000-0.jpg,0
D:\ProgramData\PycharmProjects\Test03\00666-000000-0.JPG,0
D:\ProgramData\PycharmProjects\Test03\00676-000000-0.JPG,0
D:\ProgramData\PycharmProjects\Test03\00686-000000-0.JPG,0
D:\ProgramData\PycharmProjects\Test03\00691-000000-0.JPG,0
D:\ProgramData\PycharmProjects\Test03\00700-000000-0.jpg,0
D:\ProgramData\PycharmProjects\Test03\00701-000000-0.jpg,0
D:\ProgramData\PycharmProjects\Test03\00710-110011-0.jpg,0
D:\ProgramData\PycharmProjects\Test03\00711-000000-0.jpg,0
D:\ProgramData\PycharmProjects\Test03\00751-100000-0.jpg,0
D:\ProgramData\PycharmProjects\Test03\00761-110001-0.jpg,0
D:\ProgramData\PycharmProjects\Test03\00770-000000-0.jpg,0
D:\ProgramData\PycharmProjects\Test03\00777-000000-0.jpg,0
D:\ProgramData\PycharmProjects\Test03\00778-000000-0.jpg,0
D:\ProgramData\PycharmProjects\Test03\00779-000000-0.jpg,0
D:\ProgramData\PycharmProjects\Test03\00780-010000-0.jpg,0
D:\ProgramData\PycharmProjects\Test03\00781-010000-0.jpg,0
D:\ProgramData\PycharmProjects\Test03\00782-000000-0.jpg,0
D:\ProgramData\PycharmProjects\Test03\00783-000000-0.jpg,0
D:\ProgramData\PycharmProjects\Test03\00784-000000-0.jpg,0
D:\ProgramData\PycharmProjects\Test03\00785-010000-0.jpg,0
D:\ProgramData\PycharmProjects\Test03\00786-000000-0.jpg,0
D:\ProgramData\PycharmProjects\Test03\00787-000000-0.jpg,0
D:\ProgramData\PycharmProjects\Test03\0303-111000-0.jpg,0
D:\ProgramData\PycharmProjects\Test03\00026-000000-2.JPG,1
D:\ProgramData\PycharmProjects\Test03\00059-100001-2.JPG,1
D:\ProgramData\PycharmProjects\Test03\00062-100000-1.JPG,1
D:\ProgramData\PycharmProjects\Test03\00071-110101-1.JPG,1
D:\ProgramData\PycharmProjects\Test03\00072-110101-1.JPG,1
D:\ProgramData\PycharmProjects\Test03\00089-000000-2.JPG,1
D:\ProgramData\PycharmProjects\Test03\00110-100000-1.JPG,1
D:\ProgramData\PycharmProjects\Test03\00128-000000-1.JPG,1
D:\ProgramData\PycharmProjects\Test03\00131-110001-1.JPG,1
D:\ProgramData\PycharmProjects\Test03\00137-000000-1.jpg,1
D:\ProgramData\PycharmProjects\Test03\00143-000001-1.jpg,1
D:\ProgramData\PycharmProjects\Test03\00144-000000-1.jpg,1
D:\ProgramData\PycharmProjects\Test03\00147-000000-1.jpg,1
D:\ProgramData\PycharmProjects\Test03\00152-100000-1.jpg,1
D:\ProgramData\PycharmProjects\Test03\00153-000000-1.jpg,1
D:\ProgramData\PycharmProjects\Test03\00157-000000-2.jpg,1
D:\ProgramData\PycharmProjects\Test03\00161-110001-2.jpg,1
D:\ProgramData\PycharmProjects\Test03\00164-000000-1.jpg,1
D:\ProgramData\PycharmProjects\Test03\00166-110001-1.JPG,1
D:\ProgramData\PycharmProjects\Test03\00167-110001-1.JPG,1
D:\ProgramData\PycharmProjects\Test03\00168-000000-1.JPG,1
D:\ProgramData\PycharmProjects\Test03\00181-110001-1.JPG,1
D:\ProgramData\PycharmProjects\Test03\00185-110001-1.JPG,1
D:\ProgramData\PycharmProjects\Test03\00187-000000-1.JPG,1
D:\ProgramData\PycharmProjects\Test03\00197-110010-1.JPG,1
D:\ProgramData\PycharmProjects\Test03\00198-000000-1.JPG,1
D:\ProgramData\PycharmProjects\Test03\00201-000000-1.JPG,1
D:\ProgramData\PycharmProjects\Test03\00202-110010-1.JPG,1
D:\ProgramData\PycharmProjects\Test03\00223-000000-1.JPG,1
D:\ProgramData\PycharmProjects\Test03\00228-000000-1.JPG,1
D:\ProgramData\PycharmProjects\Test03\00234-000000-1.JPG,1
D:\ProgramData\PycharmProjects\Test03\00245-000000-1.jpg,1
D:\ProgramData\PycharmProjects\Test03\00254-000000-1.jpg,1
D:\ProgramData\PycharmProjects\Test03\00277-000000-1.jpg,1
D:\ProgramData\PycharmProjects\Test03\00286-000000-1.jpg,1
D:\ProgramData\PycharmProjects\Test03\00287-000000-1.jpg,1
D:\ProgramData\PycharmProjects\Test03\00306-110110-1.jpg,1
D:\ProgramData\PycharmProjects\Test03\00311-000000-1.jpg,1
D:\ProgramData\PycharmProjects\Test03\00313-000000-1.jpg,1
D:\ProgramData\PycharmProjects\Test03\00314-000000-2.jpg,1
D:\ProgramData\PycharmProjects\Test03\00315-000000-1.jpg,1
D:\ProgramData\PycharmProjects\Test03\00318-110001-1.jpg,1
D:\ProgramData\PycharmProjects\Test03\00325-110000-1.jpg,1
D:\ProgramData\PycharmProjects\Test03\00327-010010-1.jpg,1
D:\ProgramData\PycharmProjects\Test03\00344-111010-1.jpg,1
D:\ProgramData\PycharmProjects\Test03\00346-000000-2.jpg,1
D:\ProgramData\PycharmProjects\Test03\00347-000000-1.jpg,1
D:\ProgramData\PycharmProjects\Test03\00349-010000-1.jpg,1
D:\ProgramData\PycharmProjects\Test03\00372-000000-1.jpg,1
D:\ProgramData\PycharmProjects\Test03\00374-100000-1.jpg,1
D:\ProgramData\PycharmProjects\Test03\00376-000000-1.jpg,1
D:\ProgramData\PycharmProjects\Test03\00391-000000-1.jpg,1
D:\ProgramData\PycharmProjects\Test03\00392-000000-1.jpg,1
D:\ProgramData\PycharmProjects\Test03\00394-010100-2.jpg,1
D:\ProgramData\PycharmProjects\Test03\00399-000000-1.jpg,1
D:\ProgramData\PycharmProjects\Test03\00407-000000-1.jpg,1
D:\ProgramData\PycharmProjects\Test03\00408-000000-1.jpg,1
D:\ProgramData\PycharmProjects\Test03\00415-000000-1.jpg,1
D:\ProgramData\PycharmProjects\Test03\00422-110000-1.jpg,1
D:\ProgramData\PycharmProjects\Test03\00437-000000-1.jpg,1
D:\ProgramData\PycharmProjects\Test03\00454-100000-1.jpg,1
D:\ProgramData\PycharmProjects\Test03\00472-000000-1.JPG,1
D:\ProgramData\PycharmProjects\Test03\00493-000000-1.jpg,1
D:\ProgramData\PycharmProjects\Test03\00507-000000-1.JPG,1
D:\ProgramData\PycharmProjects\Test03\00524-000000-1.jpg,1
D:\ProgramData\PycharmProjects\Test03\00534-000000-1.jpg,1
D:\ProgramData\PycharmProjects\Test03\00538-000000-2.jpg,1
D:\ProgramData\PycharmProjects\Test03\00547-000000-1.jpg,1
D:\ProgramData\PycharmProjects\Test03\00556-000000-1.jpg,1
D:\ProgramData\PycharmProjects\Test03\00557-000000-1.jpg,1
D:\ProgramData\PycharmProjects\Test03\00561-000000-1.jpg,1
D:\ProgramData\PycharmProjects\Test03\00562-010000-1.jpg,1
D:\ProgramData\PycharmProjects\Test03\00566-000000-1.jpg,1
D:\ProgramData\PycharmProjects\Test03\00570-000000-1.jpg,1
D:\ProgramData\PycharmProjects\Test03\00572-000000-1.jpg,1
D:\ProgramData\PycharmProjects\Test03\00573-000000-1.jpg,1
D:\ProgramData\PycharmProjects\Test03\00574-000000-2.jpg,1
D:\ProgramData\PycharmProjects\Test03\00579-100000-1.jpg,1
D:\ProgramData\PycharmProjects\Test03\00585-00000-1.jpg,1
D:\ProgramData\PycharmProjects\Test03\00586-100000-1.jpg,1
D:\ProgramData\PycharmProjects\Test03\00587-000000-1.jpg,1
D:\ProgramData\PycharmProjects\Test03\00596-100000-1.jpg,1
D:\ProgramData\PycharmProjects\Test03\00601-000000-1.jpg,1
D:\ProgramData\PycharmProjects\Test03\00602-000000-1.jpg,1
D:\ProgramData\PycharmProjects\Test03\00605-000000-1.jpg,1
D:\ProgramData\PycharmProjects\Test03\00611-000000-1.jpg,1
D:\ProgramData\PycharmProjects\Test03\00615-000000-1.jpg,1
D:\ProgramData\PycharmProjects\Test03\00617-000000-1.jpg,1
D:\ProgramData\PycharmProjects\Test03\00618-000000-1.jpg,1
D:\ProgramData\PycharmProjects\Test03\00621-000000-1.jpg,1
D:\ProgramData\PycharmProjects\Test03\00622-000000-1.jpg,1
D:\ProgramData\PycharmProjects\Test03\00623-000000-1.jpg,1
D:\ProgramData\PycharmProjects\Test03\00624-000000-1.jpg,1
D:\ProgramData\PycharmProjects\Test03\00625-000000-1.jpg,1
D:\ProgramData\PycharmProjects\Test03\00626-000000-1.jpg,1
D:\ProgramData\PycharmProjects\Test03\00628-000000-1.jpg,1
D:\ProgramData\PycharmProjects\Test03\00629-000000-1.jpg,1
D:\ProgramData\PycharmProjects\Test03\00631-000000-1.jpg,1
D:\ProgramData\PycharmProjects\Test03\00632-000000-1.jpg,1
D:\ProgramData\PycharmProjects\Test03\00633-000000-1.jpg,1
D:\ProgramData\PycharmProjects\Test03\00636-100000-1.jpg,1
D:\ProgramData\PycharmProjects\Test03\00640-000000-1.jpg,1
D:\ProgramData\PycharmProjects\Test03\00641-000000-1.jpg,1
D:\ProgramData\PycharmProjects\Test03\00646-000000-1.jpg,1
D:\ProgramData\PycharmProjects\Test03\00647-100000-1.jpg,1
D:\ProgramData\PycharmProjects\Test03\00649-000000-1.jpg,1
D:\ProgramData\PycharmProjects\Test03\00651-000000-1.JPG,1
D:\ProgramData\PycharmProjects\Test03\00652-000000-1.JPG,1
D:\ProgramData\PycharmProjects\Test03\00653-110010-1.JPG,1
D:\ProgramData\PycharmProjects\Test03\00656-010001-1.JPG,1
D:\ProgramData\PycharmProjects\Test03\00671-000000-1.jpg,1
D:\ProgramData\PycharmProjects\Test03\00677-000000-1.JPG,1
D:\ProgramData\PycharmProjects\Test03\00678-000000-1.JPG,1
D:\ProgramData\PycharmProjects\Test03\00683-000000-1.JPG,1
D:\ProgramData\PycharmProjects\Test03\00696-000010-1.jpg,1
D:\ProgramData\PycharmProjects\Test03\00702-000000-1.jpg,1
D:\ProgramData\PycharmProjects\Test03\00703-000000-1.jpg,1
D:\ProgramData\PycharmProjects\Test03\00704-000000-1.jpg,1
D:\ProgramData\PycharmProjects\Test03\00709-000000-1.jpg,1
D:\ProgramData\PycharmProjects\Test03\00725-110100-1.JPG,1
D:\ProgramData\PycharmProjects\Test03\00732-110001-1.JPG,1
D:\ProgramData\PycharmProjects\Test03\00759-110000-1.JPG,1
D:\ProgramData\PycharmProjects\Test03\00765-110000-1.JPG,1
D:\ProgramData\PycharmProjects\Test03\00773-000000-1.jpg,1
D:\ProgramData\PycharmProjects\Test03\0312-000000-1.jpg,1
D:\ProgramData\PycharmProjects\Test03\00002-000000-2.JPG,2
D:\ProgramData\PycharmProjects\Test03\00003-000000-2.JPG,2
D:\ProgramData\PycharmProjects\Test03\00004-000000-2.JPG,2
D:\ProgramData\PycharmProjects\Test03\00016-000000-2.JPG,2
D:\ProgramData\PycharmProjects\Test03\00018-110001-2.JPG,2
D:\ProgramData\PycharmProjects\Test03\00027-000000-2.JPG,2
D:\ProgramData\PycharmProjects\Test03\00028-110000-2.JPG,2
D:\ProgramData\PycharmProjects\Test03\00036-110011-2.JPG,2
D:\ProgramData\PycharmProjects\Test03\00049-111110-2.JPG,2
D:\ProgramData\PycharmProjects\Test03\000620-000000-2.jpg,2
D:\ProgramData\PycharmProjects\Test03\00065-000000-2.JPG,2
D:\ProgramData\PycharmProjects\Test03\00099-000000-2.JPG,2
D:\ProgramData\PycharmProjects\Test03\00101-110000-2.JPG,2
D:\ProgramData\PycharmProjects\Test03\00102-000000-2.JPG,2
D:\ProgramData\PycharmProjects\Test03\00103-000000-2.JPG,2
D:\ProgramData\PycharmProjects\Test03\00106-000000-2.JPG,2
D:\ProgramData\PycharmProjects\Test03\00108-010000-2.JPG,2
D:\ProgramData\PycharmProjects\Test03\00111-000000-2.JPG,2
D:\ProgramData\PycharmProjects\Test03\00117-110000-2.JPG,2
D:\ProgramData\PycharmProjects\Test03\00119-101000-2.JPG,2
D:\ProgramData\PycharmProjects\Test03\00123-000000-2.JPG,2
D:\ProgramData\PycharmProjects\Test03\00133-010000-2.jpg,2
D:\ProgramData\PycharmProjects\Test03\00134-000000-2.jpg,2
D:\ProgramData\PycharmProjects\Test03\00142-000000-2.jpg,2
D:\ProgramData\PycharmProjects\Test03\00163-010001-2.jpg,2
D:\ProgramData\PycharmProjects\Test03\00170-000001-2.JPG,2
D:\ProgramData\PycharmProjects\Test03\00176-000000-2.JPG,2
D:\ProgramData\PycharmProjects\Test03\00183-000000-2.JPG,2
D:\ProgramData\PycharmProjects\Test03\00191-000000-2.JPG,2
D:\ProgramData\PycharmProjects\Test03\00196-00000-2.JPG,2
D:\ProgramData\PycharmProjects\Test03\00207-000000-2.JPG,2
D:\ProgramData\PycharmProjects\Test03\00208-000000-2.JPG,2
D:\ProgramData\PycharmProjects\Test03\00210-000000-2.JPG,2
D:\ProgramData\PycharmProjects\Test03\00213-000000-2.JPG,2
D:\ProgramData\PycharmProjects\Test03\00216-000000-2.JPG,2
D:\ProgramData\PycharmProjects\Test03\00220-000000-2.JPG,2
D:\ProgramData\PycharmProjects\Test03\00226-000000-2.JPG,2
D:\ProgramData\PycharmProjects\Test03\00227-000000-2.JPG,2
D:\ProgramData\PycharmProjects\Test03\00231-111111-2.JPG,2
D:\ProgramData\PycharmProjects\Test03\00233-000000-2.JPG,2
D:\ProgramData\PycharmProjects\Test03\00237-000000-2.JPG,2
D:\ProgramData\PycharmProjects\Test03\00239-000000-2.jpg,2
D:\ProgramData\PycharmProjects\Test03\00240-010010-2.JPG,2
D:\ProgramData\PycharmProjects\Test03\00244-000000-2.jpg,2
D:\ProgramData\PycharmProjects\Test03\00246-000000-2.jpg,2
D:\ProgramData\PycharmProjects\Test03\00249-000000-2.jpg,2
D:\ProgramData\PycharmProjects\Test03\00253-000000-2.jpg,2
D:\ProgramData\PycharmProjects\Test03\00255-000000-2.jpg,2
D:\ProgramData\PycharmProjects\Test03\00261-110001-2.jpg,2
D:\ProgramData\PycharmProjects\Test03\00263-000001-2.jpg,2
D:\ProgramData\PycharmProjects\Test03\00265-000000-2.jpg,2
D:\ProgramData\PycharmProjects\Test03\00269-000000-2.jpg,2
D:\ProgramData\PycharmProjects\Test03\00271-100001-2.jpg,2
D:\ProgramData\PycharmProjects\Test03\00274-000000-2.jpg,2
D:\ProgramData\PycharmProjects\Test03\00276-000001-2.jpg,2
D:\ProgramData\PycharmProjects\Test03\00279-000000-2.jpg,2
D:\ProgramData\PycharmProjects\Test03\00281-000000-2.jpg,2
D:\ProgramData\PycharmProjects\Test03\00282-000000-2.jpg,2
D:\ProgramData\PycharmProjects\Test03\00295-10001-2.jpg,2
D:\ProgramData\PycharmProjects\Test03\00298-000000-2.jpg,2
D:\ProgramData\PycharmProjects\Test03\00316-000001-2.jpg,2
D:\ProgramData\PycharmProjects\Test03\00322-010101-2.jpg,2
D:\ProgramData\PycharmProjects\Test03\00326-110111-2.jpg,2
D:\ProgramData\PycharmProjects\Test03\00329-000000-2.jpg,2
D:\ProgramData\PycharmProjects\Test03\00353-110011-2.JPG,2
D:\ProgramData\PycharmProjects\Test03\00358-000000-2.JPG,2
D:\ProgramData\PycharmProjects\Test03\00361-000000-2.JPG,2
D:\ProgramData\PycharmProjects\Test03\00369-100010-2.jpg,2
D:\ProgramData\PycharmProjects\Test03\00377-010100-2.jpg,2
D:\ProgramData\PycharmProjects\Test03\00381-110100-2.jpg,2
D:\ProgramData\PycharmProjects\Test03\00382-000000-2.jpg,2
D:\ProgramData\PycharmProjects\Test03\00385-000000-2.jpg,2
D:\ProgramData\PycharmProjects\Test03\00402-000000-2.jpg,2
D:\ProgramData\PycharmProjects\Test03\00423-1100010-2.jpg,2
D:\ProgramData\PycharmProjects\Test03\00442-000000-2.jpg,2
D:\ProgramData\PycharmProjects\Test03\00445-100000-2.jpg,2
D:\ProgramData\PycharmProjects\Test03\00447-100000-2.JPG,2
D:\ProgramData\PycharmProjects\Test03\00448-000000-2.JPG,2
D:\ProgramData\PycharmProjects\Test03\00474-110010-2.JPG,2
D:\ProgramData\PycharmProjects\Test03\00494-110101-2.jpg,2
D:\ProgramData\PycharmProjects\Test03\00504-110010-2.JPG,2
D:\ProgramData\PycharmProjects\Test03\00516-000000-2.JPG,2
D:\ProgramData\PycharmProjects\Test03\00518-000000-2.JPG,2
D:\ProgramData\PycharmProjects\Test03\00521-000000-2.jpg,2
D:\ProgramData\PycharmProjects\Test03\00525-000000-2.jpg,2
D:\ProgramData\PycharmProjects\Test03\00531-000000-2.jpg,2
D:\ProgramData\PycharmProjects\Test03\00533-000000-2.jpg,2
D:\ProgramData\PycharmProjects\Test03\00535-000000-2.jpg,2
D:\ProgramData\PycharmProjects\Test03\00540-000000-2.jpg,2
D:\ProgramData\PycharmProjects\Test03\00545-000000-2.jpg,2
D:\ProgramData\PycharmProjects\Test03\00546-000000-2.jpg,2
D:\ProgramData\PycharmProjects\Test03\00547-000000-2.jpg,2
D:\ProgramData\PycharmProjects\Test03\00548-000000-2.jpg,2
D:\ProgramData\PycharmProjects\Test03\00558-000000-2.jpg,2
D:\ProgramData\PycharmProjects\Test03\00575-000000-2.jpg,2
D:\ProgramData\PycharmProjects\Test03\00584-110000-2.jpg,2
D:\ProgramData\PycharmProjects\Test03\00588-000000-2.jpg,2
D:\ProgramData\PycharmProjects\Test03\00592-10011-2.jpg,2
D:\ProgramData\PycharmProjects\Test03\00661-100000-2.jpg,2
D:\ProgramData\PycharmProjects\Test03\00670-000000-2.jpg,2
D:\ProgramData\PycharmProjects\Test03\00675-000000-2.JPG,2
D:\ProgramData\PycharmProjects\Test03\00697-000000-2.jpg,2
D:\ProgramData\PycharmProjects\Test03\00709-000000-2.jpg,2
D:\ProgramData\PycharmProjects\Test03\00729-000000-2.jpg,2
D:\ProgramData\PycharmProjects\Test03\00731-000000-2.JPG,2
D:\ProgramData\PycharmProjects\Test03\00733-110000-2.JPG,2
D:\ProgramData\PycharmProjects\Test03\00756-000000-2.JPG,2
D:\ProgramData\PycharmProjects\Test03\00762-010000-2.JPG,2
D:\ProgramData\PycharmProjects\Test03\00001-000000-3.JPG,3
D:\ProgramData\PycharmProjects\Test03\00006-111000-3.JPG,3
D:\ProgramData\PycharmProjects\Test03\00007-100000-3.JPG,3
D:\ProgramData\PycharmProjects\Test03\00012-000000-3.JPG,3
D:\ProgramData\PycharmProjects\Test03\00013-110011-3.JPG,3
D:\ProgramData\PycharmProjects\Test03\00014-000000-3.JPG,3
D:\ProgramData\PycharmProjects\Test03\00014-110001-3.JPG,3
D:\ProgramData\PycharmProjects\Test03\00015-100000-3.JPG,3
D:\ProgramData\PycharmProjects\Test03\00016-110000-3.JPG,3
D:\ProgramData\PycharmProjects\Test03\00017-100001-3.JPG,3
D:\ProgramData\PycharmProjects\Test03\00019-100000-3.JPG,3
D:\ProgramData\PycharmProjects\Test03\00020-100000-3.JPG,3
D:\ProgramData\PycharmProjects\Test03\00029-110000-3.JPG,3
D:\ProgramData\PycharmProjects\Test03\00030-111110-3.JPG,3
D:\ProgramData\PycharmProjects\Test03\00031-100001-3.JPG,3
D:\ProgramData\PycharmProjects\Test03\00032-000000-3.JPG,3
D:\ProgramData\PycharmProjects\Test03\00038-000000-3.JPG,3
D:\ProgramData\PycharmProjects\Test03\00040-000000-3.JPG,3
D:\ProgramData\PycharmProjects\Test03\00045-000001-3.JPG,3
D:\ProgramData\PycharmProjects\Test03\00046-000000-3.JPG,3
D:\ProgramData\PycharmProjects\Test03\00050-110101-3.JPG,3
D:\ProgramData\PycharmProjects\Test03\00051-110101-3.JPG,3
D:\ProgramData\PycharmProjects\Test03\00052-11000-3.JPG,3
D:\ProgramData\PycharmProjects\Test03\00053-100001-3.JPG,3
D:\ProgramData\PycharmProjects\Test03\00054-000000-3.JPG,3
D:\ProgramData\PycharmProjects\Test03\00055-100001-3.JPG,3
D:\ProgramData\PycharmProjects\Test03\00056-111111-3.JPG,3
D:\ProgramData\PycharmProjects\Test03\00057-000000-3.JPG,3
D:\ProgramData\PycharmProjects\Test03\00058-000000-3.JPG,3
D:\ProgramData\PycharmProjects\Test03\00060-110001-3.JPG,3
D:\ProgramData\PycharmProjects\Test03\00061-000000-3.JPG,3
D:\ProgramData\PycharmProjects\Test03\00063-111000-3.JPG,3
D:\ProgramData\PycharmProjects\Test03\00073-100000-3.JPG,3
D:\ProgramData\PycharmProjects\Test03\00074-110011-3.JPG,3
D:\ProgramData\PycharmProjects\Test03\00075-110001-3.JPG,3
D:\ProgramData\PycharmProjects\Test03\00078-000001-3.JPG,3
D:\ProgramData\PycharmProjects\Test03\00079-000000-3.JPG,3
D:\ProgramData\PycharmProjects\Test03\00080-100000-3.JPG,3
D:\ProgramData\PycharmProjects\Test03\00082-000000-3.JPG,3
D:\ProgramData\PycharmProjects\Test03\00083-000000-3.JPG,3
D:\ProgramData\PycharmProjects\Test03\00086-000000-3.JPG,3
D:\ProgramData\PycharmProjects\Test03\00088-000000-3.JPG,3
D:\ProgramData\PycharmProjects\Test03\00090-000000-3.JPG,3
D:\ProgramData\PycharmProjects\Test03\00093-010000-3.JPG,3
D:\ProgramData\PycharmProjects\Test03\00094-000000-3.JPG,3
D:\ProgramData\PycharmProjects\Test03\00096-000000-3.JPG,3
D:\ProgramData\PycharmProjects\Test03\00098-000000-3.JPG,3
D:\ProgramData\PycharmProjects\Test03\00107-000000-3.JPG,3
D:\ProgramData\PycharmProjects\Test03\00109-110000-3.JPG,3
D:\ProgramData\PycharmProjects\Test03\00112-000000-3.JPG,3
D:\ProgramData\PycharmProjects\Test03\00113-000000-3.JPG,3
D:\ProgramData\PycharmProjects\Test03\00114-111101-3.JPG,3
D:\ProgramData\PycharmProjects\Test03\00115-000000-3.JPG,3
D:\ProgramData\PycharmProjects\Test03\00116-000000-3.JPG,3
D:\ProgramData\PycharmProjects\Test03\00118-000001-3.JPG,3
D:\ProgramData\PycharmProjects\Test03\00120-010001-3.JPG,3
D:\ProgramData\PycharmProjects\Test03\00121-000000-3.JPG,3
D:\ProgramData\PycharmProjects\Test03\00122-110000-3.JPG,3
D:\ProgramData\PycharmProjects\Test03\00125-010001-3.JPG,3
D:\ProgramData\PycharmProjects\Test03\00130-100000-3.JPG,3
D:\ProgramData\PycharmProjects\Test03\00136-000001-3.jpg,3
D:\ProgramData\PycharmProjects\Test03\00138-100000-3.jpg,3
D:\ProgramData\PycharmProjects\Test03\00139-100000-3.jpg,3
D:\ProgramData\PycharmProjects\Test03\00141-000000-3.jpg,3
D:\ProgramData\PycharmProjects\Test03\00145-000000-3.jpg,3
D:\ProgramData\PycharmProjects\Test03\00148-000000-3.jpg,3
D:\ProgramData\PycharmProjects\Test03\00154-010011-3.jpg,3
D:\ProgramData\PycharmProjects\Test03\00158-100001-3.jpg,3
D:\ProgramData\PycharmProjects\Test03\00159-100000-3.jpg,3
D:\ProgramData\PycharmProjects\Test03\00160-110001-3.jpg,3
D:\ProgramData\PycharmProjects\Test03\00162-110010-3.jpg,3
D:\ProgramData\PycharmProjects\Test03\00172-110010-3.JPG,3
D:\ProgramData\PycharmProjects\Test03\00173-100001-3.JPG,3
D:\ProgramData\PycharmProjects\Test03\00175-100001-3.JPG,3
D:\ProgramData\PycharmProjects\Test03\00178-100000-3.JPG,3
D:\ProgramData\PycharmProjects\Test03\00179-000000-3.JPG,3
D:\ProgramData\PycharmProjects\Test03\00184-110010-3.JPG,3
D:\ProgramData\PycharmProjects\Test03\00186-110000-3.JPG,3
D:\ProgramData\PycharmProjects\Test03\00188-010001-3.JPG,3
D:\ProgramData\PycharmProjects\Test03\00192-100010-3.JPG,3
D:\ProgramData\PycharmProjects\Test03\00199-000000-3.JPG,3
D:\ProgramData\PycharmProjects\Test03\00200-000000-3.JPG,3
D:\ProgramData\PycharmProjects\Test03\00203-100010-3.JPG,3
D:\ProgramData\PycharmProjects\Test03\00204-000000-3.JPG,3
D:\ProgramData\PycharmProjects\Test03\00206-000000-3.JPG,3
D:\ProgramData\PycharmProjects\Test03\00214-100001-3.JPG,3
D:\ProgramData\PycharmProjects\Test03\00217-000001-3.JPG,3
D:\ProgramData\PycharmProjects\Test03\00218-000000-3.JPG,3
D:\ProgramData\PycharmProjects\Test03\00219-000000-3.JPG,3
D:\ProgramData\PycharmProjects\Test03\00221-100000-3.JPG,3
D:\ProgramData\PycharmProjects\Test03\00222-100000-3.JPG,3
D:\ProgramData\PycharmProjects\Test03\00232-000000-3.JPG,3
D:\ProgramData\PycharmProjects\Test03\00235-000000-3.JPG,3
D:\ProgramData\PycharmProjects\Test03\00238-000000-3.JPG,3
D:\ProgramData\PycharmProjects\Test03\00247-000000-3.jpg,3
D:\ProgramData\PycharmProjects\Test03\00264-100001-3.jpg,3
D:\ProgramData\PycharmProjects\Test03\00266-110001-3.jpg,3
D:\ProgramData\PycharmProjects\Test03\00267-111101-3.jpg,3
D:\ProgramData\PycharmProjects\Test03\00270-100000-3.jpg,3
D:\ProgramData\PycharmProjects\Test03\00273-000000-3.jpg,3
D:\ProgramData\PycharmProjects\Test03\00275-010010-3.jpg,3
D:\ProgramData\PycharmProjects\Test03\00283-010011-3.jpg,3
D:\ProgramData\PycharmProjects\Test03\00284-010011-3.jpg,3
D:\ProgramData\PycharmProjects\Test03\00285-110011-3.jpg,3
D:\ProgramData\PycharmProjects\Test03\00290-110000-3.jpg,3
D:\ProgramData\PycharmProjects\Test03\00291-010101-3.jpg,3
D:\ProgramData\PycharmProjects\Test03\00292-010011-3.jpg,3
D:\ProgramData\PycharmProjects\Test03\00300-110111-3.jpg,3
D:\ProgramData\PycharmProjects\Test03\00308-110010-3.jpg,3
D:\ProgramData\PycharmProjects\Test03\00315-100010-3.jpg,3
D:\ProgramData\PycharmProjects\Test03\00317-000000-3.jpg,3
D:\ProgramData\PycharmProjects\Test03\00319-110111-3.jpg,3
D:\ProgramData\PycharmProjects\Test03\00328-000000-3.jpg,3
D:\ProgramData\PycharmProjects\Test03\00333-000000-3.jpg,3
D:\ProgramData\PycharmProjects\Test03\00334-000000-3.jpg,3
D:\ProgramData\PycharmProjects\Test03\00335-000000-3.jpg,3
D:\ProgramData\PycharmProjects\Test03\00336-110110-3.jpg,3
D:\ProgramData\PycharmProjects\Test03\00339-111010-3.jpg,3
D:\ProgramData\PycharmProjects\Test03\00345-000000-3.jpg,3
D:\ProgramData\PycharmProjects\Test03\00348-110000-3.jpg,3
D:\ProgramData\PycharmProjects\Test03\00351-000000-3.jpg,3
D:\ProgramData\PycharmProjects\Test03\00360-100010-3.JPG,3
D:\ProgramData\PycharmProjects\Test03\00364-100000-3.jpg,3
D:\ProgramData\PycharmProjects\Test03\00367-000000-3.jpg,3
D:\ProgramData\PycharmProjects\Test03\00368-000000-3.jpg,3
D:\ProgramData\PycharmProjects\Test03\00375-0000000-3.jpg,3
D:\ProgramData\PycharmProjects\Test03\00377-1000001-3.jpg,3
D:\ProgramData\PycharmProjects\Test03\00378-000000-3.jpg,3
D:\ProgramData\PycharmProjects\Test03\00379-000000-3.jpg,3
D:\ProgramData\PycharmProjects\Test03\00390-000000-3.jpg,3
D:\ProgramData\PycharmProjects\Test03\00393-110001-3.jpg,3
D:\ProgramData\PycharmProjects\Test03\00395-000000-3.jpg,3
D:\ProgramData\PycharmProjects\Test03\00397-000000-3.jpg,3
D:\ProgramData\PycharmProjects\Test03\00398-000000-3.jpg,3
D:\ProgramData\PycharmProjects\Test03\00400-000000-3.jpg,3
D:\ProgramData\PycharmProjects\Test03\00403-000000-3.jpg,3
D:\ProgramData\PycharmProjects\Test03\00418-000000-3.jpg,3
D:\ProgramData\PycharmProjects\Test03\00419-100000-3.jpg,3
D:\ProgramData\PycharmProjects\Test03\00421-110010-3.jpg,3
D:\ProgramData\PycharmProjects\Test03\00431-000000-3.jpg,3
D:\ProgramData\PycharmProjects\Test03\00434-000000-3.jpg,3
D:\ProgramData\PycharmProjects\Test03\00435-000000-3.jpg,3
D:\ProgramData\PycharmProjects\Test03\00436-000000-3.jpg,3
D:\ProgramData\PycharmProjects\Test03\00441-000000-3.jpg,3
D:\ProgramData\PycharmProjects\Test03\00444-000000-3.jpg,3
D:\ProgramData\PycharmProjects\Test03\00446-100000-3.jpg,3
D:\ProgramData\PycharmProjects\Test03\00449-000000-3.JPG,3
D:\ProgramData\PycharmProjects\Test03\00458-000000-3.jpg,3
D:\ProgramData\PycharmProjects\Test03\00459-000000-3.jpg,3
D:\ProgramData\PycharmProjects\Test03\00470-110010-3.JPG,3
D:\ProgramData\PycharmProjects\Test03\00473-000000-3.JPG,3
D:\ProgramData\PycharmProjects\Test03\00489-000000-3.jpg,3
D:\ProgramData\PycharmProjects\Test03\00490-110101-3.jpg,3
D:\ProgramData\PycharmProjects\Test03\00491-000000-3.jpg,3
D:\ProgramData\PycharmProjects\Test03\00493-0000000-3.jpg,3
D:\ProgramData\PycharmProjects\Test03\00498-000000-3.jpg,3
D:\ProgramData\PycharmProjects\Test03\00502-000000-3.jpg,3
D:\ProgramData\PycharmProjects\Test03\00503-110010-3.JPG,3
D:\ProgramData\PycharmProjects\Test03\00506-000000-3.JPG,3
D:\ProgramData\PycharmProjects\Test03\00511-111101-3.JPG,3
D:\ProgramData\PycharmProjects\Test03\00513-000000-3.JPG,3
D:\ProgramData\PycharmProjects\Test03\00514-000000-3.JPG,3
D:\ProgramData\PycharmProjects\Test03\00515-000000-3.JPG,3
D:\ProgramData\PycharmProjects\Test03\00520-000000-3.jpg,3
D:\ProgramData\PycharmProjects\Test03\00523-000000-3.jpg,3
D:\ProgramData\PycharmProjects\Test03\00530-000000-3.jpg,3
D:\ProgramData\PycharmProjects\Test03\00532-000000-3.jpg,3
D:\ProgramData\PycharmProjects\Test03\00536-000000-3.jpg,3
D:\ProgramData\PycharmProjects\Test03\00537-000000-3.jpg,3
D:\ProgramData\PycharmProjects\Test03\00539-000000-3.jpg,3
D:\ProgramData\PycharmProjects\Test03\00541-000000-3.jpg,3
D:\ProgramData\PycharmProjects\Test03\00542-000000-3.jpg,3
D:\ProgramData\PycharmProjects\Test03\00544-000000-3.jpg,3
D:\ProgramData\PycharmProjects\Test03\00549-110000-3.jpg,3
D:\ProgramData\PycharmProjects\Test03\00558-000000-3.jpg,3
D:\ProgramData\PycharmProjects\Test03\00569-000000-3.jpg,3
D:\ProgramData\PycharmProjects\Test03\00583-110000-3.jpg,3
D:\ProgramData\PycharmProjects\Test03\00589-100000-3.jpg,3
D:\ProgramData\PycharmProjects\Test03\00600-000000-3.jpg,3
D:\ProgramData\PycharmProjects\Test03\00613-110000-3.jpg,3
D:\ProgramData\PycharmProjects\Test03\00619-100011-3.jpg,3
D:\ProgramData\PycharmProjects\Test03\00627-000000-3.jpg,3
D:\ProgramData\PycharmProjects\Test03\00634-110000-3.jpg,3
D:\ProgramData\PycharmProjects\Test03\00638-100000-3.jpg,3
D:\ProgramData\PycharmProjects\Test03\00648-110111-3.jpg,3
D:\ProgramData\PycharmProjects\Test03\00650-000000-3.JPG,3
D:\ProgramData\PycharmProjects\Test03\00654-010001-3.JPG,3
D:\ProgramData\PycharmProjects\Test03\00660-100001-3.jpg,3
D:\ProgramData\PycharmProjects\Test03\00664-000000-3.JPG,3
D:\ProgramData\PycharmProjects\Test03\00665-000000-3.JPG,3
D:\ProgramData\PycharmProjects\Test03\00668-000000-3.jpg,3
D:\ProgramData\PycharmProjects\Test03\00669-000000-3.JPG,3
D:\ProgramData\PycharmProjects\Test03\00673-100000-3.JPG,3
D:\ProgramData\PycharmProjects\Test03\00674-100010-3.JPG,3
D:\ProgramData\PycharmProjects\Test03\00679-110000-3.jpg,3
D:\ProgramData\PycharmProjects\Test03\00680-100010-3.JPG,3
D:\ProgramData\PycharmProjects\Test03\00682-110010-3.JPG,3
D:\ProgramData\PycharmProjects\Test03\00684-100000-3.JPG,3
D:\ProgramData\PycharmProjects\Test03\00685-100000-3.JPG,3
D:\ProgramData\PycharmProjects\Test03\00687-100000-3.JPG,3
D:\ProgramData\PycharmProjects\Test03\00688-110010-5.JPG,3
D:\ProgramData\PycharmProjects\Test03\00690-000000-3.JPG,3
D:\ProgramData\PycharmProjects\Test03\00693-000000-3.jpg,3
D:\ProgramData\PycharmProjects\Test03\00694-100000-3.jpg,3
D:\ProgramData\PycharmProjects\Test03\00695-000000-3.jpg,3
D:\ProgramData\PycharmProjects\Test03\00698-000000-3.jpg,3
D:\ProgramData\PycharmProjects\Test03\00699-000000-3.jpg,3
D:\ProgramData\PycharmProjects\Test03\00705-000000-3.JPG,3
D:\ProgramData\PycharmProjects\Test03\00708-000000-3.jpg,3
D:\ProgramData\PycharmProjects\Test03\00712-110101-3.JPG,3
D:\ProgramData\PycharmProjects\Test03\00716-000000-3.JPG,3
D:\ProgramData\PycharmProjects\Test03\00720-111110-3.JPG,3
D:\ProgramData\PycharmProjects\Test03\00721-000000-3.JPG,3
D:\ProgramData\PycharmProjects\Test03\00722-100000-3.JPG,3
D:\ProgramData\PycharmProjects\Test03\00726-110100-3.JPG,3
D:\ProgramData\PycharmProjects\Test03\00727-110100-3.JPG,3
D:\ProgramData\PycharmProjects\Test03\00728-110000-3.JPG,3
D:\ProgramData\PycharmProjects\Test03\00739-110011-3.jpg,3
D:\ProgramData\PycharmProjects\Test03\00740-100001-3.jpg,3
D:\ProgramData\PycharmProjects\Test03\00741-000000-3.jpg,3
D:\ProgramData\PycharmProjects\Test03\00743-100000-3.jpg,3
D:\ProgramData\PycharmProjects\Test03\00745-000000-3.jpg,3
D:\ProgramData\PycharmProjects\Test03\00746-1100011-3.jpg,3
D:\ProgramData\PycharmProjects\Test03\00752-111111-3.jpg,3
D:\ProgramData\PycharmProjects\Test03\00754-000000-3.JPG,3
D:\ProgramData\PycharmProjects\Test03\00757-100000-3.JPG,3
D:\ProgramData\PycharmProjects\Test03\00758-100000-3.jpg,3
D:\ProgramData\PycharmProjects\Test03\00763-100000-3.JPG,3
D:\ProgramData\PycharmProjects\Test03\00767-110010-3.JPG,3
D:\ProgramData\PycharmProjects\Test03\00771-000000-3.jpg,3
D:\ProgramData\PycharmProjects\Test03\00772-000000-3.jpg,3
D:\ProgramData\PycharmProjects\Test03\00005-111000-4.JPG,4
D:\ProgramData\PycharmProjects\Test03\00008-100000-4.JPG,4
D:\ProgramData\PycharmProjects\Test03\00024-110101-4.JPG,4
D:\ProgramData\PycharmProjects\Test03\00025-110101-4.JPG,4
D:\ProgramData\PycharmProjects\Test03\00033-110101-4.JPG,4
D:\ProgramData\PycharmProjects\Test03\00034-111111-4.JPG,4
D:\ProgramData\PycharmProjects\Test03\00035-110011-4.JPG,4
D:\ProgramData\PycharmProjects\Test03\00039-000000-4.JPG,4
D:\ProgramData\PycharmProjects\Test03\00041-00000-4.JPG,4
D:\ProgramData\PycharmProjects\Test03\00042-100001-4.JPG,4
D:\ProgramData\PycharmProjects\Test03\00044-111000-4.JPG,4
D:\ProgramData\PycharmProjects\Test03\00047-100001-4.JPG,4
D:\ProgramData\PycharmProjects\Test03\00066-010001-4.JPG,4
D:\ProgramData\PycharmProjects\Test03\00067-000001-3.JPG,4
D:\ProgramData\PycharmProjects\Test03\00068-110001-4.JPG,4
D:\ProgramData\PycharmProjects\Test03\00069-000000-4.JPG,4
D:\ProgramData\PycharmProjects\Test03\00076-000000-4.JPG,4
D:\ProgramData\PycharmProjects\Test03\00077-110000-4.JPG,4
D:\ProgramData\PycharmProjects\Test03\00081-010001-4.JPG,4
D:\ProgramData\PycharmProjects\Test03\00084-010001-4.JPG,4
D:\ProgramData\PycharmProjects\Test03\00085-000000-4.JPG,4
D:\ProgramData\PycharmProjects\Test03\00087-110000-4.JPG,4
D:\ProgramData\PycharmProjects\Test03\00091-111101-4.JPG,4
D:\ProgramData\PycharmProjects\Test03\00092-110011-4.JPG,4
D:\ProgramData\PycharmProjects\Test03\00095-100000-4.JPG,4
D:\ProgramData\PycharmProjects\Test03\00097-110000-4.JPG,4
D:\ProgramData\PycharmProjects\Test03\00105-1000000-4.JPG,4
D:\ProgramData\PycharmProjects\Test03\00127-000000-4.JPG,4
D:\ProgramData\PycharmProjects\Test03\00135-110010-4.jpg,4
D:\ProgramData\PycharmProjects\Test03\00151-010010-4.jpg,4
D:\ProgramData\PycharmProjects\Test03\00169-000000-4.JPG,4
D:\ProgramData\PycharmProjects\Test03\00171-000000-4.JPG,4
D:\ProgramData\PycharmProjects\Test03\00180-110000-4.JPG,4
D:\ProgramData\PycharmProjects\Test03\00182-110000-4.JPG,4
D:\ProgramData\PycharmProjects\Test03\00189-110011-4.JPG,4
D:\ProgramData\PycharmProjects\Test03\00193-110000-4.JPG,4
D:\ProgramData\PycharmProjects\Test03\00209-000001-4.JPG,4
D:\ProgramData\PycharmProjects\Test03\00224-000000-4.JPG,4
D:\ProgramData\PycharmProjects\Test03\00225-000011-4.JPG,4
D:\ProgramData\PycharmProjects\Test03\00229-100010-4.JPG,4
D:\ProgramData\PycharmProjects\Test03\00236-110011-4.JPG,4
D:\ProgramData\PycharmProjects\Test03\00248-100010-4.jpg,4
D:\ProgramData\PycharmProjects\Test03\00251-010001-4.jpg,4
D:\ProgramData\PycharmProjects\Test03\00252-010001-4.jpg,4
D:\ProgramData\PycharmProjects\Test03\00294-110101-4.jpg,4
D:\ProgramData\PycharmProjects\Test03\00297-111000-4.jpg,4
D:\ProgramData\PycharmProjects\Test03\00320-110101-4.jpg,4
D:\ProgramData\PycharmProjects\Test03\00321-110000-4.jpg,4
D:\ProgramData\PycharmProjects\Test03\00323-110101-4.jpg,4
D:\ProgramData\PycharmProjects\Test03\00331-110011-4.jpg,4
D:\ProgramData\PycharmProjects\Test03\00332-010101-4.jpg,4
D:\ProgramData\PycharmProjects\Test03\00337-110111-4.jpg,4
D:\ProgramData\PycharmProjects\Test03\00338-110000-4.jpg,4
D:\ProgramData\PycharmProjects\Test03\00340-110111-4.jpg,4
D:\ProgramData\PycharmProjects\Test03\00342-110000-4.jpg,4
D:\ProgramData\PycharmProjects\Test03\00350-010011-4.jpg,4
D:\ProgramData\PycharmProjects\Test03\00356-110001-4.JPG,4
D:\ProgramData\PycharmProjects\Test03\00357-110001-4.JPG,4
D:\ProgramData\PycharmProjects\Test03\00362-100000-4.jpg,4
D:\ProgramData\PycharmProjects\Test03\00363-100000-4.jpg,4
D:\ProgramData\PycharmProjects\Test03\00366-100001-4.jpg,4
D:\ProgramData\PycharmProjects\Test03\00401-000011-4.jpg,4
D:\ProgramData\PycharmProjects\Test03\00404-110000-4.jpg,4
D:\ProgramData\PycharmProjects\Test03\00419-100000-4.jpg,4
D:\ProgramData\PycharmProjects\Test03\00430-100000-4.jpg,4
D:\ProgramData\PycharmProjects\Test03\00432-000000-4.jpg,4
D:\ProgramData\PycharmProjects\Test03\00440-000000-4.jpg,4
D:\ProgramData\PycharmProjects\Test03\00443-010001-4.jpg,4
D:\ProgramData\PycharmProjects\Test03\00451-110011-4.jpg,4
D:\ProgramData\PycharmProjects\Test03\00455-100000-4.jpg,4
D:\ProgramData\PycharmProjects\Test03\00467-110010-4.JPG,4
D:\ProgramData\PycharmProjects\Test03\00469-110000-4.JPG,4
D:\ProgramData\PycharmProjects\Test03\00478-110110-4.JPG,4
D:\ProgramData\PycharmProjects\Test03\00487-000000-4.jpg,4
D:\ProgramData\PycharmProjects\Test03\00488-000000-4.jpg,4
D:\ProgramData\PycharmProjects\Test03\00492-110010-4.jpg,4
D:\ProgramData\PycharmProjects\Test03\00492-111101-4.jpg,4
D:\ProgramData\PycharmProjects\Test03\00501-110000-4.jpg,4
D:\ProgramData\PycharmProjects\Test03\00509-100000-4.JPG,4
D:\ProgramData\PycharmProjects\Test03\00517-110001-4.JPG,4
D:\ProgramData\PycharmProjects\Test03\00519-110001-4.JPG,4
D:\ProgramData\PycharmProjects\Test03\00526-110000-4.jpg,4
D:\ProgramData\PycharmProjects\Test03\00527-100000-4.jpg,4
D:\ProgramData\PycharmProjects\Test03\00528-100000-4.jpg,4
D:\ProgramData\PycharmProjects\Test03\00529-110111-4.jpg,4
D:\ProgramData\PycharmProjects\Test03\00550-110000-4.jpg,4
D:\ProgramData\PycharmProjects\Test03\00594-110000-4.jpg,4
D:\ProgramData\PycharmProjects\Test03\00606-111110-4.jpg,4
D:\ProgramData\PycharmProjects\Test03\00607-100001-4.jpg,4
D:\ProgramData\PycharmProjects\Test03\00667-110000-4.jpg,4
D:\ProgramData\PycharmProjects\Test03\00672-110000-4.JPG,4
D:\ProgramData\PycharmProjects\Test03\00681-000000-4.JPG,4
D:\ProgramData\PycharmProjects\Test03\00706-010001-4.JPG,4
D:\ProgramData\PycharmProjects\Test03\00707-110011-4.jpg,4
D:\ProgramData\PycharmProjects\Test03\00713-110000-4.jpg,4
D:\ProgramData\PycharmProjects\Test03\00714-100000-4.JPG,4
D:\ProgramData\PycharmProjects\Test03\00715-000000-4.JPG,4
D:\ProgramData\PycharmProjects\Test03\00718-111110-4.JPG,4
D:\ProgramData\PycharmProjects\Test03\00719-111110-4.JPG,4
D:\ProgramData\PycharmProjects\Test03\00723-110011-4.JPG,4
D:\ProgramData\PycharmProjects\Test03\00724-111111-4.JPG,4
D:\ProgramData\PycharmProjects\Test03\00742-110000-4.jpg,4
D:\ProgramData\PycharmProjects\Test03\00744-111111-4.jpg,4
D:\ProgramData\PycharmProjects\Test03\00749-110000-4.jpg,4
D:\ProgramData\PycharmProjects\Test03\00750-110000-4.jpg,4
D:\ProgramData\PycharmProjects\Test03\00753-000000-4.JPG,4
D:\ProgramData\PycharmProjects\Test03\00760-100000-4.JPG,4
D:\ProgramData\PycharmProjects\Test03\00766-100000-4.JPG,4
D:\ProgramData\PycharmProjects\Test03\0468-110000-4.JPG,4
D:\ProgramData\PycharmProjects\Test03\00009-100010-5.JPG,5
D:\ProgramData\PycharmProjects\Test03\00010-100010-5.JPG,5
D:\ProgramData\PycharmProjects\Test03\00011-100010-5.JPG,5
D:\ProgramData\PycharmProjects\Test03\00021-111111-5.JPG,5
D:\ProgramData\PycharmProjects\Test03\00022-110101-5.JPG,5
D:\ProgramData\PycharmProjects\Test03\00037-111000-5.JPG,5
D:\ProgramData\PycharmProjects\Test03\00043-111000-5.JPG,5
D:\ProgramData\PycharmProjects\Test03\00064-111000-5.JPG,5
D:\ProgramData\PycharmProjects\Test03\00126-110000-5.JPG,5
D:\ProgramData\PycharmProjects\Test03\00155-110000-5.jpg,5
D:\ProgramData\PycharmProjects\Test03\00174-110000-5.JPG,5
D:\ProgramData\PycharmProjects\Test03\00190-110000-5.JPG,5
D:\ProgramData\PycharmProjects\Test03\00194-110010-5.JPG,5
D:\ProgramData\PycharmProjects\Test03\00195-110010-5.JPG,5
D:\ProgramData\PycharmProjects\Test03\00205-110010-5.JPG,5
D:\ProgramData\PycharmProjects\Test03\00211-110010-5.JPG,5
D:\ProgramData\PycharmProjects\Test03\00212-110010-5.JPG,5
D:\ProgramData\PycharmProjects\Test03\00257-110011-5.JPG,5
D:\ProgramData\PycharmProjects\Test03\00258-110011-5.JPG,5
D:\ProgramData\PycharmProjects\Test03\00262-110001-5.jpg,5
D:\ProgramData\PycharmProjects\Test03\00268-000001-5.jpg,5
D:\ProgramData\PycharmProjects\Test03\00278-100010-5.jpg,5
D:\ProgramData\PycharmProjects\Test03\00280-110000-5.jpg,5
D:\ProgramData\PycharmProjects\Test03\00293-110000-5.jpg,5
D:\ProgramData\PycharmProjects\Test03\00296-111000-5.jpg,5
D:\ProgramData\PycharmProjects\Test03\00301-111111-5.jpg,5
D:\ProgramData\PycharmProjects\Test03\00304-010010-5.jpg,5
D:\ProgramData\PycharmProjects\Test03\00310-000001-5.jpg,5
D:\ProgramData\PycharmProjects\Test03\00330-111111-5.jpg,5
D:\ProgramData\PycharmProjects\Test03\00341-110000-5.jpg,5
D:\ProgramData\PycharmProjects\Test03\00352-111000-5.JPG,5
D:\ProgramData\PycharmProjects\Test03\00354-111111-5.JPG,5
D:\ProgramData\PycharmProjects\Test03\00359-111000-5.JPG,5
D:\ProgramData\PycharmProjects\Test03\00410-111110-2.jpg,5
D:\ProgramData\PycharmProjects\Test03\00411-111110-2.jpg,5
D:\ProgramData\PycharmProjects\Test03\00412-111110-2.jpg,5
D:\ProgramData\PycharmProjects\Test03\00414-110000-5.jpg,5
D:\ProgramData\PycharmProjects\Test03\00416-110111-5.jpg,5
D:\ProgramData\PycharmProjects\Test03\00417-111111-5.jpg,5
D:\ProgramData\PycharmProjects\Test03\00418-111111-5.jpg,5
D:\ProgramData\PycharmProjects\Test03\00421-110000-5.jpg,5
D:\ProgramData\PycharmProjects\Test03\00422-100010-5.jpg,5
D:\ProgramData\PycharmProjects\Test03\00423-100010-5.jpg,5
D:\ProgramData\PycharmProjects\Test03\00424-100010-5.jpg,5
D:\ProgramData\PycharmProjects\Test03\00424-110010-5.jpg,5
D:\ProgramData\PycharmProjects\Test03\00427-110010-5.jpg,5
D:\ProgramData\PycharmProjects\Test03\00428-110010-5.jpg,5
D:\ProgramData\PycharmProjects\Test03\00429-101000-5.jpg,5
D:\ProgramData\PycharmProjects\Test03\00433-000000-5.jpg,5
D:\ProgramData\PycharmProjects\Test03\00438-010011-5.jpg,5
D:\ProgramData\PycharmProjects\Test03\00439-101000-5.jpg,5
D:\ProgramData\PycharmProjects\Test03\00450-110011-5.jpg,5
D:\ProgramData\PycharmProjects\Test03\00452-100000-5.jpg,5
D:\ProgramData\PycharmProjects\Test03\00457-100000-5.jpg,5
D:\ProgramData\PycharmProjects\Test03\00459-000000-5.jpg,5
D:\ProgramData\PycharmProjects\Test03\00460-111000-5.jpg,5
D:\ProgramData\PycharmProjects\Test03\00461-101000-5.jpg,5
D:\ProgramData\PycharmProjects\Test03\00462-101000-5.jpg,5
D:\ProgramData\PycharmProjects\Test03\00482-111000-5.jpg,5
D:\ProgramData\PycharmProjects\Test03\00483-111000-5.jpg,5
D:\ProgramData\PycharmProjects\Test03\00486-111000-5.jpg,5
D:\ProgramData\PycharmProjects\Test03\00499-111010-5.jpg,5
D:\ProgramData\PycharmProjects\Test03\00500-110010-5.jpg,5
D:\ProgramData\PycharmProjects\Test03\00510-010001-5.JPG,5
D:\ProgramData\PycharmProjects\Test03\00551-110111-5.jpg,5
D:\ProgramData\PycharmProjects\Test03\00552-110111-5.jpg,5
D:\ProgramData\PycharmProjects\Test03\00553-111010-5.jpg,5
D:\ProgramData\PycharmProjects\Test03\00554-111010-5.jpg,5
D:\ProgramData\PycharmProjects\Test03\00555-111010-5.jpg,5
D:\ProgramData\PycharmProjects\Test03\00576-111111-5.jpg,5
D:\ProgramData\PycharmProjects\Test03\00577-111111-5.jpg,5
D:\ProgramData\PycharmProjects\Test03\00593-110000-5.jpg,5
D:\ProgramData\PycharmProjects\Test03\00595-110100-5.jpg,5
D:\ProgramData\PycharmProjects\Test03\00630-110000-5.jpg,5
D:\ProgramData\PycharmProjects\Test03\00655-010001-5.JPG,5
D:\ProgramData\PycharmProjects\Test03\00657-010001-5.JPG,5
D:\ProgramData\PycharmProjects\Test03\00658-010001-5.JPG,5
D:\ProgramData\PycharmProjects\Test03\00659-000011-5.jpg,5
D:\ProgramData\PycharmProjects\Test03\00662-111111-5.jpg,5
D:\ProgramData\PycharmProjects\Test03\00663-111111-5.jpg,5
D:\ProgramData\PycharmProjects\Test03\00689-110010-5.JPG,5
D:\ProgramData\PycharmProjects\Test03\00692-111111-5.JPG,5
D:\ProgramData\PycharmProjects\Test03\00717-111110-5.JPG,5
D:\ProgramData\PycharmProjects\Test03\00730-110111-5.jpg,5
D:\ProgramData\PycharmProjects\Test03\00734-010001-5.JPG,5
D:\ProgramData\PycharmProjects\Test03\00735-010001-5.JPG,5
D:\ProgramData\PycharmProjects\Test03\00736-010001-5.JPG,5
D:\ProgramData\PycharmProjects\Test03\00737-010001-5.JPG,5
D:\ProgramData\PycharmProjects\Test03\00738-100001-5.jpg,5
D:\ProgramData\PycharmProjects\Test03\00747-111111-5.jpg,5
D:\ProgramData\PycharmProjects\Test03\00748-111111-5.jpg,5
D:\ProgramData\PycharmProjects\Test03\00755-110000-5.JPG,5
D:\ProgramData\PycharmProjects\Test03\00764-111111-5.jpg,5
D:\ProgramData\PycharmProjects\Test03\00768-111111-5.jpg,5
D:\ProgramData\PycharmProjects\Test03\00769-110011-5.JPG,5
D:\ProgramData\PycharmProjects\Test03\0302-111111-5.jpg,5
D:\ProgramData\PycharmProjects\Test03\0463-101000-5.jpg,5
D:\ProgramData\PycharmProjects\Test03\0464-101000-5.jpg,5
D:\ProgramData\PycharmProjects\Test03\0465-1111111-5.JPG,5
D:\ProgramData\PycharmProjects\Test03\0466-110000-5.JPG,5
